org.apache.commons.io.input.BoundedReaderTest;testLineNumberReaderAndFileReaderLastLineEolNo
org.apache.commons.io.input.CharSequenceInputStreamTest;testLargeSingleByteRead_RequiredCharsets
org.apache.commons.io.IOUtilsCopyTestCase;testCopy_readerToOutputStream_Encoding_nullEncoding
org.apache.commons.io.IOUtilsTestCase;testCloseMulti;testResourceToString_ExistingResourceAtSubPackage
org.apache.commons.io.input.ReversedLinesFileReaderTestParamBlockSize;BlockSize=1
org.apache.commons.io.input.ReversedLinesFileReaderTestParamFile;test-file-20byteslength.bin, encoding=ISO_8859_1, blockSize=null, useNonDefaultFileSystem=false
org.apache.commons.io.input.ReversedLinesFileReaderTestSimple;testUnsupportedEncodingUTF16
org.apache.commons.io.input.TailerTest;testTailer
org.apache.commons.io.FileUtilsTestCase;testWriteLines_3arg_nullSeparator
org.apache.commons.io.filefilter.FileFilterTestCase;testMagicNumberFileFilterString
org.apache.commons.io.IOUtilsWriteTestCase;testWrite_byteArrayToWriter_Encoding_nullData
org.apache.commons.io.output.LockableFileWriterTest;testFileNotLocked
org.apache.commons.io.LineIteratorTestCase;testThreeLines
org.apache.commons.io.CharsetsTestCase;testUtf16
org.apache.commons.io.file.CountingPathVisitorTest;[2] 0 files, 0 directories, 0 bytes;[1] 0 files, 0 directories, 0 bytes
org.apache.commons.io.file.CountersEqualsAndHashCodeTest;testLongCounterMixEquals;testBigIntegerCounterEquals;testLongPathCountersEqualsFileCounters;testLongPathCountersEqualsDirectoryCounters;testLongCounterEquals;testLongPathCountersEqualsByteCounters
org.apache.commons.io.input.CharSequenceReaderTest;testToString